label,fname,prob,CD45_NN_prediction,CD45_NN_prediction_value
000009,Example_cell_classification_CD45\000009.tif,100.0,negative,0.0
000010,Example_cell_classification_CD45\000010.tif,100.0,negative,0.0
000011,Example_cell_classification_CD45\000011.tif,100.0,negative,0.0
000012,Example_cell_classification_CD45\000012.tif,100.0,negative,0.0
000013,Example_cell_classification_CD45\000013.tif,100.0,negative,0.0
000014,Example_cell_classification_CD45\000014.tif,99.99873352050781,negative,0.0
000015,Example_cell_classification_CD45\000015.tif,100.0,negative,0.0
000016,Example_cell_classification_CD45\000016.tif,100.0,negative,0.0
000017,Example_cell_classification_CD45\000017.tif,100.0,negative,0.0
000018,Example_cell_classification_CD45\000018.tif,100.0,negative,0.0
000019,Example_cell_classification_CD45\000019.tif,100.0,negative,0.0
000020,Example_cell_classification_CD45\000020.tif,100.0,negative,0.0
000021,Example_cell_classification_CD45\000021.tif,100.0,negative,0.0
000022,Example_cell_classification_CD45\000022.tif,100.0,negative,0.0
000023,Example_cell_classification_CD45\000023.tif,100.0,negative,0.0
000024,Example_cell_classification_CD45\000024.tif,100.0,negative,0.0
000025,Example_cell_classification_CD45\000025.tif,100.0,negative,0.0
000026,Example_cell_classification_CD45\000026.tif,100.0,negative,0.0
000027,Example_cell_classification_CD45\000027.tif,99.94313049316406,negative,0.0
000029,Example_cell_classification_CD45\000029.tif,100.0,negative,0.0
000030,Example_cell_classification_CD45\000030.tif,100.0,negative,0.0
000031,Example_cell_classification_CD45\000031.tif,100.0,negative,0.0
000032,Example_cell_classification_CD45\000032.tif,100.0,negative,0.0
000033,Example_cell_classification_CD45\000033.tif,99.99998474121094,negative,0.0
000034,Example_cell_classification_CD45\000034.tif,100.0,negative,0.0
000035,Example_cell_classification_CD45\000035.tif,100.0,negative,0.0
000036,Example_cell_classification_CD45\000036.tif,100.0,negative,0.0
000037,Example_cell_classification_CD45\000037.tif,99.99516296386719,negative,0.0
000038,Example_cell_classification_CD45\000038.tif,99.9999771118164,negative,0.0
000039,Example_cell_classification_CD45\000039.tif,100.0,negative,0.0
000040,Example_cell_classification_CD45\000040.tif,100.0,negative,0.0
000041,Example_cell_classification_CD45\000041.tif,100.0,negative,0.0
000042,Example_cell_classification_CD45\000042.tif,100.0,negative,0.0
000043,Example_cell_classification_CD45\000043.tif,98.02984619140625,positive,1.0
000045,Example_cell_classification_CD45\000045.tif,100.0,negative,0.0
000046,Example_cell_classification_CD45\000046.tif,99.99650573730469,positive,1.0
000049,Example_cell_classification_CD45\000049.tif,99.98260498046875,positive,1.0
000050,Example_cell_classification_CD45\000050.tif,100.0,negative,0.0
000051,Example_cell_classification_CD45\000051.tif,100.0,negative,0.0
000052,Example_cell_classification_CD45\000052.tif,99.99772644042969,positive,1.0
000053,Example_cell_classification_CD45\000053.tif,100.0,negative,0.0
000054,Example_cell_classification_CD45\000054.tif,100.0,negative,0.0
000055,Example_cell_classification_CD45\000055.tif,100.0,negative,0.0
000056,Example_cell_classification_CD45\000056.tif,99.7688980102539,negative,0.0
000057,Example_cell_classification_CD45\000057.tif,100.0,negative,0.0
000059,Example_cell_classification_CD45\000059.tif,100.0,negative,0.0
000060,Example_cell_classification_CD45\000060.tif,99.9595718383789,negative,0.0
000061,Example_cell_classification_CD45\000061.tif,100.0,negative,0.0
000062,Example_cell_classification_CD45\000062.tif,99.99754333496094,negative,0.0
000063,Example_cell_classification_CD45\000063.tif,100.0,negative,0.0
000064,Example_cell_classification_CD45\000064.tif,100.0,negative,0.0
000066,Example_cell_classification_CD45\000066.tif,100.0,negative,0.0
000067,Example_cell_classification_CD45\000067.tif,100.0,negative,0.0
000068,Example_cell_classification_CD45\000068.tif,100.0,negative,0.0
000069,Example_cell_classification_CD45\000069.tif,100.0,negative,0.0
000070,Example_cell_classification_CD45\000070.tif,100.0,negative,0.0
000072,Example_cell_classification_CD45\000072.tif,99.75716400146484,negative,0.0
000073,Example_cell_classification_CD45\000073.tif,100.0,negative,0.0
000074,Example_cell_classification_CD45\000074.tif,100.0,negative,0.0
000075,Example_cell_classification_CD45\000075.tif,100.0,negative,0.0
000076,Example_cell_classification_CD45\000076.tif,100.0,negative,0.0
000077,Example_cell_classification_CD45\000077.tif,100.0,negative,0.0
000078,Example_cell_classification_CD45\000078.tif,99.99372863769531,negative,0.0
000080,Example_cell_classification_CD45\000080.tif,100.0,negative,0.0
000081,Example_cell_classification_CD45\000081.tif,100.0,negative,0.0
000082,Example_cell_classification_CD45\000082.tif,100.0,negative,0.0
000083,Example_cell_classification_CD45\000083.tif,98.81684112548828,positive,1.0
000084,Example_cell_classification_CD45\000084.tif,100.0,negative,0.0
000085,Example_cell_classification_CD45\000085.tif,100.0,negative,0.0
000087,Example_cell_classification_CD45\000087.tif,100.0,negative,0.0
000090,Example_cell_classification_CD45\000090.tif,100.0,negative,0.0
000091,Example_cell_classification_CD45\000091.tif,100.0,negative,0.0
000092,Example_cell_classification_CD45\000092.tif,100.0,negative,0.0
000093,Example_cell_classification_CD45\000093.tif,100.0,negative,0.0
000094,Example_cell_classification_CD45\000094.tif,100.0,negative,0.0
000096,Example_cell_classification_CD45\000096.tif,100.0,negative,0.0
000097,Example_cell_classification_CD45\000097.tif,100.0,negative,0.0
000098,Example_cell_classification_CD45\000098.tif,100.0,negative,0.0
000099,Example_cell_classification_CD45\000099.tif,100.0,negative,0.0
000100,Example_cell_classification_CD45\000100.tif,100.0,negative,0.0
000101,Example_cell_classification_CD45\000101.tif,100.0,negative,0.0
000102,Example_cell_classification_CD45\000102.tif,100.0,negative,0.0
000103,Example_cell_classification_CD45\000103.tif,100.0,negative,0.0
000104,Example_cell_classification_CD45\000104.tif,100.0,negative,0.0
000105,Example_cell_classification_CD45\000105.tif,99.99853515625,negative,0.0
000106,Example_cell_classification_CD45\000106.tif,99.99998474121094,negative,0.0
000107,Example_cell_classification_CD45\000107.tif,100.0,negative,0.0
000108,Example_cell_classification_CD45\000108.tif,100.0,negative,0.0
000109,Example_cell_classification_CD45\000109.tif,99.9999771118164,negative,0.0
000111,Example_cell_classification_CD45\000111.tif,100.0,negative,0.0
000112,Example_cell_classification_CD45\000112.tif,100.0,negative,0.0
000113,Example_cell_classification_CD45\000113.tif,100.0,negative,0.0
000114,Example_cell_classification_CD45\000114.tif,91.53148651123047,negative,0.0
000115,Example_cell_classification_CD45\000115.tif,100.0,negative,0.0
000116,Example_cell_classification_CD45\000116.tif,100.0,negative,0.0
000117,Example_cell_classification_CD45\000117.tif,99.83513641357422,negative,0.0
000119,Example_cell_classification_CD45\000119.tif,100.0,negative,0.0
000120,Example_cell_classification_CD45\000120.tif,100.0,negative,0.0
000121,Example_cell_classification_CD45\000121.tif,100.0,negative,0.0
000122,Example_cell_classification_CD45\000122.tif,100.0,negative,0.0
000123,Example_cell_classification_CD45\000123.tif,100.0,negative,0.0
000124,Example_cell_classification_CD45\000124.tif,100.0,negative,0.0
000125,Example_cell_classification_CD45\000125.tif,100.0,negative,0.0
000126,Example_cell_classification_CD45\000126.tif,100.0,negative,0.0
000127,Example_cell_classification_CD45\000127.tif,100.0,negative,0.0
000128,Example_cell_classification_CD45\000128.tif,100.0,negative,0.0
000129,Example_cell_classification_CD45\000129.tif,100.0,negative,0.0
000130,Example_cell_classification_CD45\000130.tif,100.0,negative,0.0
000131,Example_cell_classification_CD45\000131.tif,100.0,negative,0.0
000133,Example_cell_classification_CD45\000133.tif,99.9999771118164,negative,0.0
000134,Example_cell_classification_CD45\000134.tif,99.99998474121094,negative,0.0
000135,Example_cell_classification_CD45\000135.tif,100.0,negative,0.0
000136,Example_cell_classification_CD45\000136.tif,99.99742126464844,positive,1.0
000137,Example_cell_classification_CD45\000137.tif,100.0,negative,0.0
000138,Example_cell_classification_CD45\000138.tif,100.0,negative,0.0
000139,Example_cell_classification_CD45\000139.tif,100.0,negative,0.0
000140,Example_cell_classification_CD45\000140.tif,99.998046875,negative,0.0
000141,Example_cell_classification_CD45\000141.tif,99.9999771118164,negative,0.0
000142,Example_cell_classification_CD45\000142.tif,99.99805450439453,negative,0.0
000143,Example_cell_classification_CD45\000143.tif,99.99966430664062,negative,0.0
000144,Example_cell_classification_CD45\000144.tif,99.99990844726562,negative,0.0
000145,Example_cell_classification_CD45\000145.tif,99.87047576904297,negative,0.0
000146,Example_cell_classification_CD45\000146.tif,100.0,negative,0.0
000147,Example_cell_classification_CD45\000147.tif,99.9998550415039,negative,0.0
000150,Example_cell_classification_CD45\000150.tif,100.0,negative,0.0
000151,Example_cell_classification_CD45\000151.tif,100.0,negative,0.0
000152,Example_cell_classification_CD45\000152.tif,100.0,negative,0.0
000154,Example_cell_classification_CD45\000154.tif,100.0,negative,0.0
000155,Example_cell_classification_CD45\000155.tif,99.99998474121094,negative,0.0
000156,Example_cell_classification_CD45\000156.tif,100.0,negative,0.0
000157,Example_cell_classification_CD45\000157.tif,100.0,negative,0.0
000158,Example_cell_classification_CD45\000158.tif,99.99146270751953,negative,0.0
000159,Example_cell_classification_CD45\000159.tif,100.0,negative,0.0
000160,Example_cell_classification_CD45\000160.tif,97.5359878540039,positive,1.0
000161,Example_cell_classification_CD45\000161.tif,100.0,negative,0.0
000162,Example_cell_classification_CD45\000162.tif,99.8302001953125,negative,0.0
000163,Example_cell_classification_CD45\000163.tif,100.0,negative,0.0
000164,Example_cell_classification_CD45\000164.tif,100.0,negative,0.0
000165,Example_cell_classification_CD45\000165.tif,99.99990844726562,negative,0.0
000166,Example_cell_classification_CD45\000166.tif,100.0,negative,0.0
000167,Example_cell_classification_CD45\000167.tif,100.0,negative,0.0
000168,Example_cell_classification_CD45\000168.tif,99.99998474121094,negative,0.0
000169,Example_cell_classification_CD45\000169.tif,99.0091323852539,negative,0.0
000170,Example_cell_classification_CD45\000170.tif,100.0,negative,0.0
000171,Example_cell_classification_CD45\000171.tif,99.99996185302734,negative,0.0
000172,Example_cell_classification_CD45\000172.tif,100.0,negative,0.0
000173,Example_cell_classification_CD45\000173.tif,100.0,negative,0.0
000174,Example_cell_classification_CD45\000174.tif,100.0,negative,0.0
000175,Example_cell_classification_CD45\000175.tif,100.0,negative,0.0
000176,Example_cell_classification_CD45\000176.tif,58.30355453491211,negative,0.0
000177,Example_cell_classification_CD45\000177.tif,99.96418762207031,negative,0.0
000178,Example_cell_classification_CD45\000178.tif,100.0,negative,0.0
000179,Example_cell_classification_CD45\000179.tif,100.0,negative,0.0
000180,Example_cell_classification_CD45\000180.tif,100.0,negative,0.0
000181,Example_cell_classification_CD45\000181.tif,99.9996566772461,negative,0.0
000182,Example_cell_classification_CD45\000182.tif,99.98045349121094,negative,0.0
000183,Example_cell_classification_CD45\000183.tif,100.0,negative,0.0
000184,Example_cell_classification_CD45\000184.tif,100.0,negative,0.0
000186,Example_cell_classification_CD45\000186.tif,100.0,negative,0.0
000187,Example_cell_classification_CD45\000187.tif,100.0,negative,0.0
000188,Example_cell_classification_CD45\000188.tif,100.0,negative,0.0
000189,Example_cell_classification_CD45\000189.tif,64.79853057861328,negative,0.0
000190,Example_cell_classification_CD45\000190.tif,100.0,negative,0.0
000191,Example_cell_classification_CD45\000191.tif,99.71612548828125,negative,0.0
000192,Example_cell_classification_CD45\000192.tif,100.0,negative,0.0
000194,Example_cell_classification_CD45\000194.tif,100.0,negative,0.0
000195,Example_cell_classification_CD45\000195.tif,100.0,negative,0.0
000196,Example_cell_classification_CD45\000196.tif,100.0,negative,0.0
000197,Example_cell_classification_CD45\000197.tif,99.99996185302734,negative,0.0
000198,Example_cell_classification_CD45\000198.tif,99.99993133544922,negative,0.0
000199,Example_cell_classification_CD45\000199.tif,99.86254119873047,positive,1.0
000202,Example_cell_classification_CD45\000202.tif,100.0,negative,0.0
000203,Example_cell_classification_CD45\000203.tif,59.386817932128906,negative,0.0
000205,Example_cell_classification_CD45\000205.tif,99.99984741210938,negative,0.0
000206,Example_cell_classification_CD45\000206.tif,100.0,negative,0.0
000207,Example_cell_classification_CD45\000207.tif,100.0,negative,0.0
000208,Example_cell_classification_CD45\000208.tif,100.0,negative,0.0
000209,Example_cell_classification_CD45\000209.tif,100.0,negative,0.0
000210,Example_cell_classification_CD45\000210.tif,100.0,negative,0.0
000211,Example_cell_classification_CD45\000211.tif,100.0,negative,0.0
000212,Example_cell_classification_CD45\000212.tif,100.0,negative,0.0
000213,Example_cell_classification_CD45\000213.tif,100.0,negative,0.0
000214,Example_cell_classification_CD45\000214.tif,99.99978637695312,positive,1.0
000215,Example_cell_classification_CD45\000215.tif,99.37470245361328,negative,0.0
000217,Example_cell_classification_CD45\000217.tif,99.99998474121094,negative,0.0
000219,Example_cell_classification_CD45\000219.tif,99.99898529052734,positive,1.0
000222,Example_cell_classification_CD45\000222.tif,99.98881530761719,negative,0.0
000223,Example_cell_classification_CD45\000223.tif,99.72428894042969,negative,0.0
000225,Example_cell_classification_CD45\000225.tif,100.0,negative,0.0
000226,Example_cell_classification_CD45\000226.tif,99.99974060058594,negative,0.0
000227,Example_cell_classification_CD45\000227.tif,99.99976348876953,negative,0.0
000228,Example_cell_classification_CD45\000228.tif,99.99726867675781,negative,0.0
000229,Example_cell_classification_CD45\000229.tif,100.0,negative,0.0
000230,Example_cell_classification_CD45\000230.tif,100.0,negative,0.0
000231,Example_cell_classification_CD45\000231.tif,100.0,negative,0.0
000232,Example_cell_classification_CD45\000232.tif,99.99881744384766,negative,0.0
000233,Example_cell_classification_CD45\000233.tif,99.99597930908203,negative,0.0
000234,Example_cell_classification_CD45\000234.tif,100.0,negative,0.0
000235,Example_cell_classification_CD45\000235.tif,100.0,negative,0.0
000236,Example_cell_classification_CD45\000236.tif,100.0,negative,0.0
000237,Example_cell_classification_CD45\000237.tif,100.0,negative,0.0
000238,Example_cell_classification_CD45\000238.tif,99.99998474121094,negative,0.0
000239,Example_cell_classification_CD45\000239.tif,100.0,negative,0.0
000241,Example_cell_classification_CD45\000241.tif,100.0,negative,0.0
000242,Example_cell_classification_CD45\000242.tif,100.0,negative,0.0
000243,Example_cell_classification_CD45\000243.tif,100.0,negative,0.0
000244,Example_cell_classification_CD45\000244.tif,99.9969711303711,negative,0.0
000245,Example_cell_classification_CD45\000245.tif,100.0,negative,0.0
000247,Example_cell_classification_CD45\000247.tif,99.99977111816406,negative,0.0
000248,Example_cell_classification_CD45\000248.tif,100.0,negative,0.0
000293,Example_cell_classification_CD45\000293.tif,99.99531555175781,positive,1.0
000310,Example_cell_classification_CD45\000310.tif,99.81900787353516,positive,1.0
000320,Example_cell_classification_CD45\000320.tif,99.99945068359375,positive,1.0
000327,Example_cell_classification_CD45\000327.tif,99.86293029785156,positive,1.0
000348,Example_cell_classification_CD45\000348.tif,99.98431396484375,positive,1.0
000359,Example_cell_classification_CD45\000359.tif,99.68187713623047,positive,1.0
000366,Example_cell_classification_CD45\000366.tif,98.87867736816406,positive,1.0
000381,Example_cell_classification_CD45\000381.tif,99.96458435058594,positive,1.0
000403,Example_cell_classification_CD45\000403.tif,99.99979400634766,positive,1.0
000435,Example_cell_classification_CD45\000435.tif,99.99966430664062,positive,1.0
000474,Example_cell_classification_CD45\000474.tif,96.97772216796875,positive,1.0
000478,Example_cell_classification_CD45\000478.tif,90.72075653076172,positive,1.0
000488,Example_cell_classification_CD45\000488.tif,98.972412109375,positive,1.0
000501,Example_cell_classification_CD45\000501.tif,99.86132049560547,positive,1.0
000508,Example_cell_classification_CD45\000508.tif,99.99866485595703,positive,1.0
000521,Example_cell_classification_CD45\000521.tif,99.9961166381836,positive,1.0
000539,Example_cell_classification_CD45\000539.tif,98.07305145263672,positive,1.0
000551,Example_cell_classification_CD45\000551.tif,99.99768829345703,positive,1.0
000560,Example_cell_classification_CD45\000560.tif,93.5214614868164,positive,1.0
000600,Example_cell_classification_CD45\000600.tif,97.05049133300781,positive,1.0
000608,Example_cell_classification_CD45\000608.tif,57.107852935791016,positive,1.0
000648,Example_cell_classification_CD45\000648.tif,69.92816162109375,positive,1.0
000654,Example_cell_classification_CD45\000654.tif,99.8373031616211,positive,1.0
000665,Example_cell_classification_CD45\000665.tif,97.30265808105469,positive,1.0
000685,Example_cell_classification_CD45\000685.tif,99.96382904052734,positive,1.0
000686,Example_cell_classification_CD45\000686.tif,99.60762786865234,positive,1.0
000695,Example_cell_classification_CD45\000695.tif,92.53492736816406,positive,1.0
000706,Example_cell_classification_CD45\000706.tif,99.97602081298828,positive,1.0
000766,Example_cell_classification_CD45\000766.tif,99.89034271240234,positive,1.0
000768,Example_cell_classification_CD45\000768.tif,99.00593566894531,positive,1.0
000772,Example_cell_classification_CD45\000772.tif,99.99787902832031,positive,1.0
000778,Example_cell_classification_CD45\000778.tif,93.09571075439453,positive,1.0
000812,Example_cell_classification_CD45\000812.tif,99.89598846435547,positive,1.0
000828,Example_cell_classification_CD45\000828.tif,99.97479248046875,positive,1.0
000835,Example_cell_classification_CD45\000835.tif,67.0373764038086,positive,1.0
000859,Example_cell_classification_CD45\000859.tif,88.4515380859375,positive,1.0
000870,Example_cell_classification_CD45\000870.tif,99.96427154541016,positive,1.0
000898,Example_cell_classification_CD45\000898.tif,96.52384948730469,positive,1.0
000910,Example_cell_classification_CD45\000910.tif,99.69085693359375,positive,1.0
000917,Example_cell_classification_CD45\000917.tif,99.95539855957031,positive,1.0
000932,Example_cell_classification_CD45\000932.tif,94.27839660644531,positive,1.0
000969,Example_cell_classification_CD45\000969.tif,98.10343170166016,positive,1.0
000990,Example_cell_classification_CD45\000990.tif,64.42169952392578,positive,1.0
000997,Example_cell_classification_CD45\000997.tif,99.48200225830078,positive,1.0
001021,Example_cell_classification_CD45\001021.tif,98.07817840576172,positive,1.0
001023,Example_cell_classification_CD45\001023.tif,97.37735748291016,positive,1.0
001067,Example_cell_classification_CD45\001067.tif,99.8353271484375,positive,1.0
001134,Example_cell_classification_CD45\001134.tif,59.71735763549805,positive,1.0
001158,Example_cell_classification_CD45\001158.tif,99.75678253173828,positive,1.0
001159,Example_cell_classification_CD45\001159.tif,97.38673400878906,positive,1.0
001199,Example_cell_classification_CD45\001199.tif,83.68795776367188,negative,0.0
001242,Example_cell_classification_CD45\001242.tif,96.34339904785156,positive,1.0
001259,Example_cell_classification_CD45\001259.tif,99.81592559814453,positive,1.0
001302,Example_cell_classification_CD45\001302.tif,98.24996948242188,positive,1.0
001336,Example_cell_classification_CD45\001336.tif,99.98433685302734,positive,1.0
001339,Example_cell_classification_CD45\001339.tif,83.74463653564453,negative,0.0
001384,Example_cell_classification_CD45\001384.tif,99.6068115234375,positive,1.0
001386,Example_cell_classification_CD45\001386.tif,99.99237060546875,positive,1.0
001458,Example_cell_classification_CD45\001458.tif,99.29713439941406,positive,1.0
001468,Example_cell_classification_CD45\001468.tif,72.10185241699219,positive,1.0
001491,Example_cell_classification_CD45\001491.tif,99.98987579345703,positive,1.0
001529,Example_cell_classification_CD45\001529.tif,99.9441909790039,positive,1.0
001534,Example_cell_classification_CD45\001534.tif,99.99951171875,positive,1.0
001563,Example_cell_classification_CD45\001563.tif,80.56171417236328,positive,1.0
001564,Example_cell_classification_CD45\001564.tif,99.93792724609375,positive,1.0
001579,Example_cell_classification_CD45\001579.tif,89.3156967163086,positive,1.0
001609,Example_cell_classification_CD45\001609.tif,97.17053985595703,positive,1.0
001664,Example_cell_classification_CD45\001664.tif,99.9923095703125,positive,1.0
001674,Example_cell_classification_CD45\001674.tif,99.9963607788086,positive,1.0
001675,Example_cell_classification_CD45\001675.tif,99.32260131835938,positive,1.0
001705,Example_cell_classification_CD45\001705.tif,99.64273834228516,positive,1.0
001714,Example_cell_classification_CD45\001714.tif,99.9804458618164,positive,1.0
001716,Example_cell_classification_CD45\001716.tif,99.99251556396484,positive,1.0
001742,Example_cell_classification_CD45\001742.tif,99.6578140258789,positive,1.0
001761,Example_cell_classification_CD45\001761.tif,99.27397155761719,positive,1.0
001763,Example_cell_classification_CD45\001763.tif,85.24566650390625,positive,1.0
001808,Example_cell_classification_CD45\001808.tif,93.40025329589844,positive,1.0
001813,Example_cell_classification_CD45\001813.tif,99.41954040527344,positive,1.0
001832,Example_cell_classification_CD45\001832.tif,76.47935485839844,positive,1.0
001840,Example_cell_classification_CD45\001840.tif,99.95887756347656,positive,1.0
001849,Example_cell_classification_CD45\001849.tif,99.9986801147461,positive,1.0
001875,Example_cell_classification_CD45\001875.tif,61.343746185302734,positive,1.0
001890,Example_cell_classification_CD45\001890.tif,99.97917175292969,positive,1.0
001922,Example_cell_classification_CD45\001922.tif,74.66899108886719,negative,0.0
001958,Example_cell_classification_CD45\001958.tif,62.79670715332031,negative,0.0
001994,Example_cell_classification_CD45\001994.tif,97.7882080078125,positive,1.0
002007,Example_cell_classification_CD45\002007.tif,99.06707000732422,positive,1.0
002033,Example_cell_classification_CD45\002033.tif,90.02893829345703,positive,1.0
002098,Example_cell_classification_CD45\002098.tif,99.97659301757812,positive,1.0
002106,Example_cell_classification_CD45\002106.tif,99.70195007324219,positive,1.0
002144,Example_cell_classification_CD45\002144.tif,97.65567779541016,positive,1.0
002156,Example_cell_classification_CD45\002156.tif,72.62386322021484,positive,1.0
002192,Example_cell_classification_CD45\002192.tif,99.58448791503906,positive,1.0
002218,Example_cell_classification_CD45\002218.tif,99.99565887451172,positive,1.0
002224,Example_cell_classification_CD45\002224.tif,97.95304107666016,positive,1.0
002225,Example_cell_classification_CD45\002225.tif,97.18016815185547,positive,1.0
002247,Example_cell_classification_CD45\002247.tif,92.89241790771484,positive,1.0
002268,Example_cell_classification_CD45\002268.tif,99.99878692626953,positive,1.0
002285,Example_cell_classification_CD45\002285.tif,99.24869537353516,positive,1.0
002298,Example_cell_classification_CD45\002298.tif,96.01936340332031,positive,1.0
002330,Example_cell_classification_CD45\002330.tif,99.99911499023438,positive,1.0
002344,Example_cell_classification_CD45\002344.tif,98.7967300415039,positive,1.0
002346,Example_cell_classification_CD45\002346.tif,99.76701354980469,positive,1.0
002348,Example_cell_classification_CD45\002348.tif,83.36570739746094,positive,1.0
002384,Example_cell_classification_CD45\002384.tif,97.66078186035156,positive,1.0
002423,Example_cell_classification_CD45\002423.tif,96.25921630859375,positive,1.0
002445,Example_cell_classification_CD45\002445.tif,98.8559341430664,positive,1.0
002448,Example_cell_classification_CD45\002448.tif,98.59990692138672,positive,1.0
002485,Example_cell_classification_CD45\002485.tif,99.46744537353516,positive,1.0
002498,Example_cell_classification_CD45\002498.tif,99.88591766357422,positive,1.0
002530,Example_cell_classification_CD45\002530.tif,99.99980926513672,positive,1.0
002543,Example_cell_classification_CD45\002543.tif,99.8634033203125,positive,1.0
002547,Example_cell_classification_CD45\002547.tif,90.17008209228516,positive,1.0
002563,Example_cell_classification_CD45\002563.tif,91.99514770507812,negative,0.0
002565,Example_cell_classification_CD45\002565.tif,97.18839263916016,positive,1.0
002569,Example_cell_classification_CD45\002569.tif,99.33258056640625,positive,1.0
002575,Example_cell_classification_CD45\002575.tif,53.36200714111328,negative,0.0
002576,Example_cell_classification_CD45\002576.tif,94.98492431640625,positive,1.0
002585,Example_cell_classification_CD45\002585.tif,99.37472534179688,positive,1.0
002612,Example_cell_classification_CD45\002612.tif,97.89260864257812,positive,1.0
002628,Example_cell_classification_CD45\002628.tif,99.74078369140625,positive,1.0
002632,Example_cell_classification_CD45\002632.tif,99.91899108886719,positive,1.0
002642,Example_cell_classification_CD45\002642.tif,96.63854217529297,positive,1.0
002662,Example_cell_classification_CD45\002662.tif,71.83863830566406,positive,1.0
002673,Example_cell_classification_CD45\002673.tif,99.99601745605469,positive,1.0
002723,Example_cell_classification_CD45\002723.tif,99.42013549804688,positive,1.0
002724,Example_cell_classification_CD45\002724.tif,97.2449722290039,positive,1.0
002732,Example_cell_classification_CD45\002732.tif,99.92353820800781,positive,1.0
002735,Example_cell_classification_CD45\002735.tif,98.29466247558594,positive,1.0
002767,Example_cell_classification_CD45\002767.tif,88.2470703125,positive,1.0
002780,Example_cell_classification_CD45\002780.tif,99.87654876708984,positive,1.0
002781,Example_cell_classification_CD45\002781.tif,99.90158081054688,positive,1.0
002795,Example_cell_classification_CD45\002795.tif,76.2249526977539,positive,1.0
002799,Example_cell_classification_CD45\002799.tif,87.7664566040039,positive,1.0
002808,Example_cell_classification_CD45\002808.tif,98.86196899414062,positive,1.0
002826,Example_cell_classification_CD45\002826.tif,99.99273681640625,positive,1.0
002855,Example_cell_classification_CD45\002855.tif,80.63606262207031,positive,1.0
002879,Example_cell_classification_CD45\002879.tif,99.22010803222656,positive,1.0
002881,Example_cell_classification_CD45\002881.tif,83.53343963623047,positive,1.0
002886,Example_cell_classification_CD45\002886.tif,99.85516357421875,positive,1.0
002889,Example_cell_classification_CD45\002889.tif,96.21572875976562,positive,1.0
002937,Example_cell_classification_CD45\002937.tif,98.96503448486328,positive,1.0
002940,Example_cell_classification_CD45\002940.tif,99.26519012451172,positive,1.0
002942,Example_cell_classification_CD45\002942.tif,99.45909881591797,positive,1.0
002998,Example_cell_classification_CD45\002998.tif,99.21971893310547,positive,1.0
003007,Example_cell_classification_CD45\003007.tif,99.87006378173828,positive,1.0
003030,Example_cell_classification_CD45\003030.tif,99.8653564453125,positive,1.0
003040,Example_cell_classification_CD45\003040.tif,99.82633972167969,positive,1.0
003051,Example_cell_classification_CD45\003051.tif,99.59524536132812,positive,1.0
003074,Example_cell_classification_CD45\003074.tif,94.3763427734375,positive,1.0
003084,Example_cell_classification_CD45\003084.tif,86.3072738647461,positive,1.0
003086,Example_cell_classification_CD45\003086.tif,99.85453033447266,positive,1.0
003089,Example_cell_classification_CD45\003089.tif,99.98267364501953,positive,1.0
003098,Example_cell_classification_CD45\003098.tif,99.97028350830078,positive,1.0
003102,Example_cell_classification_CD45\003102.tif,99.9837875366211,positive,1.0
003110,Example_cell_classification_CD45\003110.tif,99.98556518554688,positive,1.0
003112,Example_cell_classification_CD45\003112.tif,98.92620086669922,positive,1.0
003115,Example_cell_classification_CD45\003115.tif,99.79706573486328,positive,1.0
003122,Example_cell_classification_CD45\003122.tif,99.92357635498047,positive,1.0
003132,Example_cell_classification_CD45\003132.tif,99.5067138671875,positive,1.0
003147,Example_cell_classification_CD45\003147.tif,96.4348373413086,positive,1.0
003154,Example_cell_classification_CD45\003154.tif,91.11908721923828,positive,1.0
003158,Example_cell_classification_CD45\003158.tif,99.9863052368164,positive,1.0
003175,Example_cell_classification_CD45\003175.tif,99.96621704101562,positive,1.0
003176,Example_cell_classification_CD45\003176.tif,99.20214080810547,positive,1.0
003178,Example_cell_classification_CD45\003178.tif,96.1615219116211,positive,1.0
003207,Example_cell_classification_CD45\003207.tif,99.94853973388672,positive,1.0
003217,Example_cell_classification_CD45\003217.tif,99.6878890991211,positive,1.0
003232,Example_cell_classification_CD45\003232.tif,99.61011505126953,positive,1.0
003245,Example_cell_classification_CD45\003245.tif,96.42330932617188,positive,1.0
003283,Example_cell_classification_CD45\003283.tif,99.34820556640625,positive,1.0
003294,Example_cell_classification_CD45\003294.tif,99.95178985595703,positive,1.0
003305,Example_cell_classification_CD45\003305.tif,99.44087982177734,positive,1.0
003352,Example_cell_classification_CD45\003352.tif,99.99938201904297,positive,1.0
003363,Example_cell_classification_CD45\003363.tif,99.74542236328125,positive,1.0
003372,Example_cell_classification_CD45\003372.tif,99.88836669921875,positive,1.0
003389,Example_cell_classification_CD45\003389.tif,99.8810043334961,positive,1.0
003391,Example_cell_classification_CD45\003391.tif,99.1322021484375,positive,1.0
003399,Example_cell_classification_CD45\003399.tif,93.59671783447266,positive,1.0
003407,Example_cell_classification_CD45\003407.tif,96.99781036376953,positive,1.0
003418,Example_cell_classification_CD45\003418.tif,99.92729949951172,positive,1.0
003453,Example_cell_classification_CD45\003453.tif,98.16617584228516,positive,1.0
003456,Example_cell_classification_CD45\003456.tif,87.35712432861328,positive,1.0
003458,Example_cell_classification_CD45\003458.tif,99.31600189208984,positive,1.0
003460,Example_cell_classification_CD45\003460.tif,99.97107696533203,positive,1.0
003469,Example_cell_classification_CD45\003469.tif,95.73532104492188,positive,1.0
003491,Example_cell_classification_CD45\003491.tif,97.90425872802734,positive,1.0
003503,Example_cell_classification_CD45\003503.tif,94.92796325683594,positive,1.0
003536,Example_cell_classification_CD45\003536.tif,99.78341674804688,positive,1.0
003539,Example_cell_classification_CD45\003539.tif,96.40520477294922,positive,1.0
